-- ==========================================
-- 1. INSERT FOUNDATION DATA
-- ==========================================
INSERT INTO Genres (GenreName) VALUES 
('Action'), ('Sci-Fi'), ('Crime'), ('Drama'), ('Thriller'), 
('Romance'), ('Fantasy'), ('Adventure'), ('Comedy'), ('Mystery'),
('Horror'), ('Western');

INSERT INTO Directors (FullName, BirthDate) VALUES 
('Christopher Nolan', '1970-07-30'), ('Quentin Tarantino', '1963-03-27'), 
('Martin Scorsese', '1942-11-17'), ('David Fincher', '1962-08-28'), 
('Steven Spielberg', '1946-12-18'), ('James Cameron', '1954-08-16'), 
('Peter Jackson', '1961-10-31'), ('Greta Gerwig', '1983-08-04'), 
('Denis Villeneuve', '1967-10-03'), ('Ridley Scott', '1937-11-30'), 
('Lana Wachowski', '1965-06-21'), ('Damien Chazelle', '1985-01-19'), 
('Francis Ford Coppola', '1939-04-07'), ('George Lucas', '1944-05-14'), 
('Sam Mendes', '1965-08-01'), ('Paul Thomas Anderson', '1970-06-26'), 
('Wes Anderson', '1969-05-01'), ('Stanley Kubrick', '1928-07-26'), 
('Clint Eastwood', '1930-05-31'), ('Alfonso Cuarón', '1961-11-28'), 
('Alejandro G. Iñárritu', '1963-08-15'), ('Guillermo del Toro', '1964-10-09'), 
('Bong Joon Ho', '1969-09-14'), ('Joel Coen', '1954-11-29'), 
('Taika Waititi', '1975-08-16'), ('Rian Johnson', '1973-12-17'), 
('James Gunn', '1966-08-05'), ('Todd Phillips', '1970-12-20'), 
('Jordan Peele', '1979-02-21'), ('Jon Favreau', '1966-10-19'), 
('Joss Whedon', '1964-06-23'), ('Anthony Russo', '1970-02-03'), 
('Ryan Coogler', '1986-05-23'), ('Jon Watts', '1981-06-28'), 
('Matt Reeves', '1966-04-27'), ('George Miller', '1945-03-03'), 
('Martin Campbell', '1943-10-24'), ('J.J. Abrams', '1966-06-27');

INSERT INTO Actors (FullName, BirthDate, PhotoURL) VALUES 
('Leonardo DiCaprio', '1974-11-11', 'database/images/actors/leo.jpg'), 
('Christian Bale', '1974-01-30', 'database/images/actors/bale.jpg'), 
('Brad Pitt', '1963-12-18', 'database/images/actors/pitt.jpg'), 
('Robert De Niro', '1943-08-17', 'database/images/actors/deniro.jpg'), 
('Samuel L. Jackson', '1948-12-21', 'database/images/actors/jackson.jpg'), 
('Cillian Murphy', '1976-05-25', 'database/images/actors/murphy.jpg'), 
('Matt Damon', '1970-10-08', 'database/images/actors/damon.jpg'), 
('Tom Hanks', '1956-07-09', 'database/images/actors/hanks.jpg'), 
('Morgan Freeman', '1937-06-01', 'database/images/actors/freeman.jpg'), 
('Elijah Wood', '1981-01-28', 'database/images/actors/wood.jpg'), 
('Scarlett Johansson', '1984-11-22', 'database/images/actors/johansson.jpg'), 
('Margot Robbie', '1990-07-02', 'database/images/actors/robbie.jpg'), 
('Anne Hathaway', '1982-11-12', 'database/images/actors/hathaway.jpg'), 
('Florence Pugh', '1996-01-03', 'database/images/actors/pugh.jpg'), 
('Zendaya', '1996-09-01', 'database/images/actors/zendaya.jpg'), 
('Charlize Theron', '1975-08-07', 'database/images/actors/theron.jpg'), 
('Sigourney Weaver', '1949-10-08', 'database/images/actors/weaver.jpg'), 
('Kate Winslet', '1975-10-05', 'database/images/actors/winslet.jpg'), 
('Emma Stone', '1988-11-06', 'database/images/actors/stone.jpg'), 
('Meryl Streep', '1949-06-22', 'database/images/actors/streep.jpg'), 
('Emily Blunt', '1983-02-23', 'database/images/actors/blunt.jpg'), 
('Ryan Gosling', '1980-11-12', 'database/images/actors/gosling.jpg'), 
('Keanu Reeves', '1964-09-02', 'database/images/actors/reeves.jpg'), 
('Tom Cruise', '1962-07-03', 'database/images/actors/cruise.jpg'), 
('Natalie Portman', '1981-06-09', 'database/images/actors/portman.jpg'), 
('Tom Hardy', '1977-09-15', 'database/images/actors/hardy.jpg'), 
('Harrison Ford', '1942-07-13', 'database/images/actors/ford.jpg'), 
('Mark Hamill', '1951-09-25', 'database/images/actors/hamill.jpg'), 
('Carrie Fisher', '1956-10-21', 'database/images/actors/fisher.jpg'), 
('Al Pacino', '1940-04-25', 'database/images/actors/pacino.jpg'), 
('Marlon Brando', '1924-04-03', 'database/images/actors/brando.jpg'), 
('Daniel Day-Lewis', '1957-04-29', 'database/images/actors/daylewis.jpg'), 
('Joaquin Phoenix', '1974-10-28', 'database/images/actors/phoenix.jpg'), 
('Russell Crowe', '1964-04-07', 'database/images/actors/crowe.jpg'), 
('Hugh Jackman', '1968-10-12', 'database/images/actors/jackman.jpg'), 
('Ryan Reynolds', '1976-10-23', 'database/images/actors/reynolds.jpg'), 
('Robert Downey Jr.', '1965-04-04', 'database/images/actors/downeyjr.jpg'), 
('Chris Evans', '1981-06-13', 'database/images/actors/evans.jpg'), 
('Chris Hemsworth', '1983-08-11', 'database/images/actors/hemsworth.jpg'), 
('Mark Ruffalo', '1967-11-22', 'database/images/actors/ruffalo.jpg'), 
('Chris Pratt', '1979-06-21', 'database/images/actors/pratt.jpg'), 
('Zoe Saldana', '1978-06-19', 'database/images/actors/saldana.jpg'), 
('Bradley Cooper', '1975-01-05', 'database/images/actors/cooper.jpg'), 
('Johnny Depp', '1963-06-09', 'database/images/actors/depp.jpg'), 
('Helena Bonham Carter', '1966-05-26', 'database/images/actors/carter.jpg'), 
('Ralph Fiennes', '1962-12-22', 'database/images/actors/fiennes.jpg'), 
('Gary Oldman', '1958-03-21', 'database/images/actors/oldman.jpg'), 
('Michael Caine', '1933-03-14', 'database/images/actors/caine.jpg'), 
('Heath Ledger', '1979-04-04', 'database/images/actors/ledger.jpg'), 
('Guy Pearce', '1967-10-05', 'database/images/actors/pearce.jpg'), 
('Carrie-Anne Moss', '1967-08-21', 'database/images/actors/moss.jpg'), 
('Laurence Fishburne', '1961-07-30', 'database/images/actors/fishburne.jpg'), 
('Hugo Weaving', '1960-04-04', 'database/images/actors/weaving.jpg'), 
('Ian McKellen', '1939-05-25', 'database/images/actors/mckellen.jpg'), 
('Viggo Mortensen', '1958-10-20', 'database/images/actors/mortensen.jpg'), 
('Cate Blanchett', '1969-05-14', 'database/images/actors/blanchett.jpg'), 
('Andy Serkis', '1964-04-20', 'database/images/actors/serkis.jpg'), 
('Willem Dafoe', '1955-07-22', 'database/images/actors/dafoe.jpg'), 
('Tobey Maguire', '1975-06-27', 'database/images/actors/maguire.jpg'), 
('Tom Holland', '1996-06-01', 'database/images/actors/holland.jpg'), 
('Benedict Cumberbatch', '1976-07-19', 'database/images/actors/cumberbatch.jpg'), 
('Chadwick Boseman', '1976-11-29', 'database/images/actors/boseman.jpg'), 
('Daniel Craig', '1968-03-02', 'database/images/actors/craig.jpg'), 
('Javier Bardem', '1969-03-01', 'database/images/actors/bardem.jpg'), 
('Christoph Waltz', '1956-10-04', 'database/images/actors/waltz.jpg'), 
('Jamie Foxx', '1967-12-13', 'database/images/actors/foxx.jpg'), 
('Uma Thurman', '1970-04-29', 'database/images/actors/thurman.jpg'), 
('Bruce Willis', '1955-03-19', 'database/images/actors/willis.jpg'), 
('Edward Norton', '1969-08-18', 'database/images/actors/norton.jpg'), 
('Matthew McConaughey', '1969-11-04', 'database/images/actors/mcconaughey.jpg'), 
('Jessica Chastain', '1977-03-24', 'database/images/actors/chastain.jpg'), 
('Song Kang-ho', '1967-01-17', 'database/images/actors/song.jpg'), 
('Colin Firth', '1960-09-10', 'database/images/actors/firth.jpg'), 
('Daniel Kaluuya', '1989-02-24', 'database/images/actors/kaluuya.jpg'), 
('Oscar Isaac', '1979-03-09', 'database/images/actors/isaac.jpg'), 
('Adam Driver', '1983-11-19', 'database/images/actors/driver.jpg'), 
('Daisy Ridley', '1992-04-10', 'database/images/actors/ridley.jpg'), 
('John Boyega', '1992-03-17', 'database/images/actors/boyega.png'), 
('Paul Rudd', '1969-04-06', 'database/images/actors/rudd.jpg'), 
('Brie Larson', '1989-10-01', 'database/images/actors/larson.jpg'), 
('Timothée Chalamet', '1995-12-27', 'database/images/actors/chalamet.jpg'), 
('Rebecca Ferguson', '1983-10-19', 'database/images/actors/ferguson.jpg'), 
('Jason Momoa', '1979-08-01', 'database/images/actors/momoa.jpg'), 
('Robert Pattinson', '1986-05-13', 'database/images/actors/pattinson.jpg'), 
('Zoe Kravitz', '1988-12-01', 'database/images/actors/kravitz.jpg'), 
('Paul Dano', '1984-06-19', 'database/images/actors/dano.jpg'), 
('Colin Farrell', '1976-05-31', 'database/images/actors/farrell.jpg'), 
('Anya Taylor-Joy', '1996-04-16', 'database/images/actors/taylorjoy.jpg'), 
('Ethan Hawke', '1970-11-06', 'database/images/actors/hawke.jpg'), 
('Bill Murray', '1950-09-21', 'database/images/actors/murray.jpg'), 
('Saoirse Ronan', '1994-04-12', 'database/images/actors/ronan.jpg'), 
('Tim Roth', '1961-05-14', 'database/images/actors/roth.jpg'), 
('Harvey Keitel', '1939-05-13', 'database/images/actors/keitel.jpg'), 
('Steve Buscemi', '1957-12-13', 'database/images/actors/buscemi.jpg'), 
('John Travolta', '1954-02-18', 'database/images/actors/travolta.jpg'), 
('Diane Keaton', '1946-01-05', 'database/images/actors/keaton.jpg'), 
('Robert Duvall', '1931-01-05', 'database/images/actors/duvall.jpg'), 
('James Caan', '1940-03-26', 'database/images/actors/caan.jpg'), 
('Talia Shire', '1946-04-25', 'database/images/actors/shire.jpg'), 
('Joe Pesci', '1943-02-09', 'database/images/actors/pesci.jpg');

INSERT INTO Movies (Title, ReleaseYear, Runtime, Description, PosterURL, ContentRating) VALUES 
('Inception', 2010, 148, 'A thief steals corporate secrets through dream-sharing technology.', 'database/images/posters/inception.jpg', 'PG-13'),
('The Dark Knight', 2008, 152, 'The Joker wreaks havoc on Gotham.', 'database/images/posters/darkknight.jpg', 'PG-13'),
('The Dark Knight Rises', 2012, 164, 'Batman comes out of exile to face Bane.', 'database/images/posters/tdkr.jpg', 'PG-13'),
('Interstellar', 2014, 169, 'Explorers travel through a wormhole in space.', 'database/images/posters/interstellar.jpg', 'PG-13'),
('Oppenheimer', 2023, 180, 'The story of J. Robert Oppenheimer.', 'database/images/posters/oppenheimer.jpg', 'R'),
('Pulp Fiction', 1994, 154, 'The lives of mob hitmen and a boxer intertwine.', 'database/images/posters/pulp.jpg', 'R'),
('Django Unchained', 2012, 165, 'A freed slave sets out to rescue his wife.', 'database/images/posters/django.jpg', 'R'),
('Inglourious Basterds', 2009, 153, 'Jewish soldiers plot to assassinate Nazi leaders.', 'database/images/posters/basterds.jpg', 'R'),
('The Hateful Eight', 2015, 167, 'Strangers seek refuge from a blizzard in Wyoming.', 'database/images/posters/hateful.jpg', 'R'),
('The Wolf of Wall Street', 2013, 180, 'The true story of Jordan Belfort.', 'database/images/posters/wolf.jpg', 'R'),
('The Departed', 2006, 151, 'An undercover cop and a mole attempt to identify each other.', 'database/images/posters/departed.jpg', 'R'),
('Shutter Island', 2010, 138, 'A U.S. Marshal investigates the disappearance of a murderer.', 'database/images/posters/shutter.jpg', 'R'),
('Goodfellas', 1990, 145, 'The story of Henry Hill and his life in the mob.', 'database/images/posters/goodfellas.jpg', 'R'),
('Casino', 1995, 178, 'A tale of greed, deception, and power in Las Vegas.', 'database/images/posters/casino.jpg', 'R'),
('Se7en', 1995, 127, 'Detectives hunt a serial killer who uses the seven deadly sins.', 'database/images/posters/seven.jpg', 'R'),
('Fight Club', 1999, 139, 'An office worker forms an underground fight club.', 'database/images/posters/fightclub.jpg', 'R'),
('The Curious Case of Benjamin Button', 2008, 166, 'A man ages in reverse.', 'database/images/posters/benjamin.jpg', 'PG-13'),
('Catch Me If You Can', 2002, 141, 'An FBI agent pursues a young con artist.', 'database/images/posters/catchme.jpg', 'PG-13'),
('Saving Private Ryan', 1998, 169, 'Soldiers go behind enemy lines to retrieve a paratrooper.', 'database/images/posters/ryan.jpg', 'R'),
('Jurassic Park', 1993, 127, 'A theme park suffers a major power breakdown allowing dinosaurs to roam.', 'database/images/posters/jurassic.jpg', 'PG-13'),
('Titanic', 1997, 194, 'An aristocrat falls in love with a poor artist aboard the Titanic.', 'database/images/posters/titanic.jpg', 'PG-13'),
('Avatar', 2009, 162, 'A Marine on Pandora becomes torn between two worlds.', 'database/images/posters/avatar.jpg', 'PG-13'),
('Terminator 2: Judgment Day', 1991, 137, 'A cyborg protects a boy from a more advanced cyborg.', 'database/images/posters/t2.jpg', 'R'),
('LOTR: The Fellowship of the Ring', 2001, 178, 'A Hobbit sets out on a journey to destroy a ring.', 'database/images/posters/lotr1.jpg', 'PG-13'),
('LOTR: The Return of the King', 2003, 201, 'The final battle for Middle-earth begins.', 'database/images/posters/lotr3.jpg', 'PG-13'),
('Barbie', 2023, 114, 'Barbie suffers a crisis that leads her to question her world.', 'database/images/posters/barbie.jpg', 'PG-13'),
('Little Women', 2019, 135, 'Jo March reflects back and forth on her life.', 'database/images/posters/littlewomen.jpg', 'PG'),
('Dune', 2021, 155, 'A noble family becomes embroiled in a war for control.', 'database/images/posters/dune.jpg', 'PG-13'),
('Dune: Part Two', 2024, 166, 'Paul Atreides unites with Chani and the Fremen.', 'database/images/posters/dune2.jpg', 'PG-13'),
('Blade Runner 2049', 2017, 164, 'A young blade runner discovers a long-buried secret.', 'database/images/posters/br2049.jpg', 'R'),
('Alien', 1979, 117, 'The crew of a spacecraft encounter a deadly lifeform.', 'database/images/posters/alien.jpg', 'R'),
('The Martian', 2015, 144, 'An astronaut becomes stranded on Mars and must survive.', 'database/images/posters/martian.jpg', 'PG-13'),
('Prometheus', 2012, 124, 'Explorers discover a clue to the origins of mankind.', 'database/images/posters/prometheus.jpg', 'R'),
('La La Land', 2016, 128, 'A jazz pianist and an aspiring actress fall in love.', 'database/images/posters/lalaland.jpg', 'PG-13'),
('The Matrix', 1999, 136, 'A computer hacker learns the true nature of his reality.', 'database/images/posters/matrix.jpg', 'R'),
('The Matrix Reloaded', 2003, 138, 'Neo and the rebel leaders fight to save Zion.', 'database/images/posters/matrix2.jpg', 'R'),
('Once Upon a Time... in Hollywood', 2019, 161, 'A faded actor and his stunt double strive to achieve fame.', 'database/images/posters/hollywood.jpg', 'R'),
('Edge of Tomorrow', 2014, 113, 'A soldier fighting aliens gets to relive the same day.', 'database/images/posters/edge.jpg', 'PG-13'),
('The Devil Wears Prada', 2006, 109, 'A new graduate lands a job as an assistant to a demanding editor.', 'database/images/posters/prada.jpg', 'PG-13'),
('Black Swan', 2010, 108, 'A committed dancer struggles to maintain her sanity.', 'database/images/posters/blackswan.jpg', 'R'),
('Marriage Story', 2019, 137, 'A grueling divorce pushes a family to their breaking point.', 'database/images/posters/marriage.jpg', 'R'),
('Arrival', 2016, 116, 'A linguist works with the military to communicate with alien lifeforms.', 'database/images/posters/arrival.jpg', 'PG-13'),
('Sicario', 2015, 121, 'An FBI agent is enlisted in the escalating war against drugs.', 'database/images/posters/sicario.jpg', 'R'),
('The Post', 2017, 116, 'A cover-up pushes the countrys first female newspaper publisher.', 'database/images/posters/post.jpg', 'PG-13'),
('Don''t Look Up', 2021, 138, 'Two low-level astronomers must go on a media tour.', 'database/images/posters/dontlookup.jpg', 'R'),
('A Quiet Place', 2018, 90, 'A family must live in silence to avoid mysterious creatures.', 'database/images/posters/quietplace.jpg', 'PG-13'),
('V for Vendetta', 2005, 132, 'A shadowy freedom fighter plots to overthrow a tyrannical government.', 'database/images/posters/vendetta.jpg', 'R'),
('Gravity', 2013, 91, 'Two astronauts survive after an accident leaves them stranded.', 'database/images/posters/gravity.jpg', 'PG-13'),
('Ocean''s Eleven', 2001, 116, 'Danny Ocean plans to rob three Las Vegas casinos simultaneously.', 'database/images/posters/oceans.jpg', 'PG-13'),
('The Prestige', 2006, 130, 'Two stage magicians engage in a battle to create the ultimate illusion.', 'database/images/posters/prestige.jpg', 'PG-13'),
('The Godfather', 1972, 175, 'The aging patriarch of an organized crime dynasty transfers control to his reluctant son.', 'database/images/posters/godfather.jpg', 'R'),
('The Godfather: Part II', 1974, 202, 'The early life and career of Vito Corleone in 1920s New York City is portrayed.', 'database/images/posters/godfather2.jpg', 'R'),
('Star Wars: Episode IV - A New Hope', 1977, 121, 'Luke Skywalker joins forces with a Jedi Knight.', 'database/images/posters/starwars4.jpg', 'PG'),
('Star Wars: Episode V - The Empire Strikes Back', 1980, 124, 'The Rebels are brutally overpowered by the Empire.', 'database/images/posters/starwars5.jpg', 'PG'),
('LOTR: The Two Towers', 2002, 179, 'Frodo and Sam edge closer to Mordor with the help of Gollum.', 'database/images/posters/lotr2.jpg', 'PG-13'),
('Gladiator', 2000, 155, 'A former Roman General sets out to exact vengeance.', 'database/images/posters/gladiator.jpg', 'R'),
('Joker', 2019, 122, 'A mentally troubled stand-up comedian embarks on a downward spiral.', 'database/images/posters/joker.jpg', 'R'),
('The Avengers', 2012, 143, 'Earths mightiest heroes must come together.', 'database/images/posters/avengers.jpg', 'PG-13'),
('Avengers: Infinity War', 2018, 149, 'The Avengers must be willing to sacrifice all to defeat Thanos.', 'database/images/posters/infinitywar.jpg', 'PG-13'),
('Avengers: Endgame', 2019, 181, 'The remaining Avengers assemble once more.', 'database/images/posters/endgame.jpg', 'PG-13'),
('Iron Man', 2008, 126, 'Billionaire engineer Tony Stark creates a unique weaponized suit.', 'database/images/posters/ironman.jpg', 'PG-13'),
('Batman Begins', 2005, 140, 'After training with his mentor, Batman begins his fight.', 'database/images/posters/batmanbegins.jpg', 'PG-13'),
('Guardians of the Galaxy', 2014, 121, 'A group of intergalactic criminals must pull together.', 'database/images/posters/gotg.jpg', 'PG-13'),
('Black Panther', 2018, 134, 'T''Challa must step forward to lead his people into a new future.', 'database/images/posters/blackpanther.jpg', 'PG-13'),
('Spider-Man: No Way Home', 2021, 148, 'With Spider-Mans identity now revealed, Peter asks Doctor Strange for help.', 'database/images/posters/nowayhome.jpg', 'PG-13'),
('The Batman', 2022, 176, 'When a sadistic serial killer begins murdering key political figures in Gotham.', 'database/images/posters/thebatman.jpg', 'PG-13'),
('Mad Max: Fury Road', 2015, 120, 'In a post-apocalyptic wasteland, a woman rebels against a tyrannical ruler.', 'database/images/posters/furyroad.jpg', 'R'),
('Parasite', 2019, 132, 'Greed and class discrimination threaten the newly formed symbiotic relationship.', 'database/images/posters/parasite.jpg', 'R'),
('Snowpiercer', 2013, 126, 'In a future where a failed climate-change experiment has killed all life.', 'database/images/posters/snowpiercer.jpg', 'R'),
('1917', 2019, 119, 'April 6th, 1917. Two young British soldiers are given a seemingly impossible mission.', 'database/images/posters/1917.jpg', 'R'),
('Skyfall', 2012, 143, 'James Bonds loyalty to M is tested when her past comes back to haunt her.', 'database/images/posters/skyfall.jpg', 'PG-13'),
('Casino Royale', 2006, 144, 'After earning 00 status and a licence to kill, agent James Bond sets out.', 'database/images/posters/casinoroyale.jpg', 'PG-13'),
('No Country for Old Men', 2007, 122, 'Violence and mayhem ensue after a hunter stumbles upon a drug deal.', 'database/images/posters/nocountry.jpg', 'R'),
('The Big Lebowski', 1998, 117, 'Jeff "The Dude" Lebowski, mistaken for a millionaire.', 'database/images/posters/lebowski.jpg', 'R'),
('Fargo', 1996, 98, 'Jerry Lundegaard''s inept crime falls apart due to his and his henchmen''s bungling.', 'database/images/posters/fargo.jpg', 'R'),
('There Will Be Blood', 2007, 158, 'A story of family, religion, hatred, oil and madness.', 'database/images/posters/twbb.jpg', 'R'),
('The Grand Budapest Hotel', 2014, 99, 'A writer encounters the owner of an aging high-class hotel.', 'database/images/posters/grandbudapest.jpg', 'R'),
('Pan''s Labyrinth', 2006, 118, 'In the Falangist Spain of 1944, a girl escapes into an eerie but captivating fantasy world.', 'database/images/posters/panslabyrinth.jpg', 'R'),
('The Shape of Water', 2017, 123, 'At a top secret research facility in the 1960s, a lonely janitor forms a unique relationship.', 'database/images/posters/shapeofwater.jpg', 'R'),
('Birdman', 2014, 119, 'A washed-up superhero actor attempts to revive his fading career.', 'database/images/posters/birdman.jpg', 'R'),
('The Revenant', 2015, 156, 'A frontiersman on a fur trading expedition in the 1820s fights for survival.', 'database/images/posters/revenant.jpg', 'R'),
('Children of Men', 2006, 109, 'In 2027, in a chaotic world in which women have become somehow infertile.', 'database/images/posters/childrenofmen.jpg', 'R'),
('Roma', 2018, 135, 'A year in the life of a middle-class family''s maid in Mexico City.', 'database/images/posters/roma.jpg', 'R'),
('Get Out', 2017, 104, 'A young African-American visits his white girlfriend''s parents for the weekend.', 'database/images/posters/getout.jpg', 'R'),
('Us', 2019, 116, 'A family''s serene beach vacation turns to chaos when their doppelgängers appear.', 'database/images/posters/us.jpg', 'R'),
('Nope', 2022, 130, 'The residents of a lonely gulch in inland California bear witness to an uncanny discovery.', 'database/images/posters/nope.jpg', 'R'),
('Knives Out', 2019, 130, 'A detective investigates the death of a patriarch of an eccentric family.', 'database/images/posters/knivesout.jpg', 'PG-13'),
('Glass Onion', 2022, 139, 'Tech billionaire Miles Bron invites his friends for a getaway on his private Greek island.', 'database/images/posters/glassonion.jpg', 'PG-13'),
('Thor: Ragnarok', 2017, 130, 'Imprisoned on the planet Sakaar, Thor must race against time.', 'database/images/posters/ragnarok.jpg', 'PG-13'),
('Jojo Rabbit', 2019, 108, 'A young boy in Hitler''s army finds out his mother is hiding a Jewish girl.', 'database/images/posters/jojorabbit.jpg', 'PG-13'),
('The Shining', 1980, 146, 'A family heads to an isolated hotel for the winter where a sinister presence influences the father.', 'database/images/posters/shining.jpg', 'R'),
('2001: A Space Odyssey', 1968, 149, 'After discovering a mysterious artifact, a quest is set with a sentient computer.', 'database/images/posters/2001.jpg', 'G'),
('A Clockwork Orange', 1971, 136, 'In the future, a sadistic gang leader is imprisoned and volunteers for a conduct-aversion experiment.', 'database/images/posters/clockwork.jpg', 'R'),
('Unforgiven', 1992, 130, 'Retired Old West gunslinger William Munny reluctantly takes on one last job.', 'database/images/posters/unforgiven.jpg', 'R'),
('Million Dollar Baby', 2004, 132, 'A determined woman works with a hardened boxing trainer.', 'database/images/posters/milliondollar.jpg', 'PG-13'),
('Gran Torino', 2008, 116, 'Disgruntled Korean War veteran Walt Kowalski sets out to reform his neighbor.', 'database/images/posters/grantorino.jpg', 'R'),
('Kill Bill: Vol. 1', 2003, 111, 'After awakening from a four-year coma, a former assassin wreaks vengeance.', 'database/images/posters/killbill1.jpg', 'R'),
('Kill Bill: Vol. 2', 2004, 137, 'The Bride continues her quest of vengeance against her former boss.', 'database/images/posters/killbill2.jpg', 'R'),
('Reservoir Dogs', 1992, 99, 'When a simple jewelry heist goes horribly wrong, the surviving criminals suspect one is a police informant.', 'database/images/posters/reservoirdogs.jpg', 'R'),
('Star Wars: Episode VII - The Force Awakens', 2015, 138, 'As a new threat to the galaxy rises, Rey, a desert scavenger, and Finn, an ex-stormtrooper, must join Han Solo.', 'database/images/posters/forceawakens.jpg', 'PG-13');

-- ==========================================
-- 2. BULK UPDATE IMDB RATINGS
-- ==========================================
UPDATE Movies
SET IMDBRating = CASE MovieID
    WHEN 1 THEN 8.8 WHEN 2 THEN 9.0 WHEN 3 THEN 8.4 WHEN 4 THEN 8.7 WHEN 5 THEN 8.3
    WHEN 6 THEN 8.9 WHEN 7 THEN 8.5 WHEN 8 THEN 8.4 WHEN 9 THEN 7.8 WHEN 10 THEN 8.2
    WHEN 11 THEN 8.5 WHEN 12 THEN 8.2 WHEN 13 THEN 8.7 WHEN 14 THEN 8.2 WHEN 15 THEN 8.6
    WHEN 16 THEN 8.8 WHEN 17 THEN 7.8 WHEN 18 THEN 8.1 WHEN 19 THEN 8.6 WHEN 20 THEN 8.2
    WHEN 21 THEN 7.9 WHEN 22 THEN 7.9 WHEN 23 THEN 8.6 WHEN 24 THEN 8.8 WHEN 25 THEN 9.0
    WHEN 26 THEN 6.9 WHEN 27 THEN 7.8 WHEN 28 THEN 8.0 WHEN 29 THEN 8.6 WHEN 30 THEN 8.0
    WHEN 31 THEN 8.5 WHEN 32 THEN 8.0 WHEN 33 THEN 7.0 WHEN 34 THEN 8.0 WHEN 35 THEN 8.7
    WHEN 36 THEN 7.2 WHEN 37 THEN 7.6 WHEN 38 THEN 7.9 WHEN 39 THEN 6.9 WHEN 40 THEN 8.0
    WHEN 41 THEN 7.9 WHEN 42 THEN 7.9 WHEN 43 THEN 7.7 WHEN 44 THEN 7.2 WHEN 45 THEN 7.2
    WHEN 46 THEN 7.5 WHEN 47 THEN 8.2 WHEN 48 THEN 7.7 WHEN 49 THEN 7.7 WHEN 50 THEN 8.5
    WHEN 51 THEN 9.2 WHEN 52 THEN 9.0 WHEN 53 THEN 8.6 WHEN 54 THEN 8.7 WHEN 55 THEN 8.8
    WHEN 56 THEN 8.5 WHEN 57 THEN 8.4 WHEN 58 THEN 8.0 WHEN 59 THEN 8.4 WHEN 60 THEN 8.4
    WHEN 61 THEN 7.9 WHEN 62 THEN 8.2 WHEN 63 THEN 8.0 WHEN 64 THEN 7.3 WHEN 65 THEN 8.2
    WHEN 66 THEN 7.8 WHEN 67 THEN 8.1 WHEN 68 THEN 8.5 WHEN 69 THEN 7.1 WHEN 70 THEN 8.2
    WHEN 71 THEN 7.8 WHEN 72 THEN 8.0 WHEN 73 THEN 8.2 WHEN 74 THEN 8.1 WHEN 75 THEN 8.1
    WHEN 76 THEN 8.2 WHEN 77 THEN 8.1 WHEN 78 THEN 8.2 WHEN 79 THEN 7.3 WHEN 80 THEN 7.7
    WHEN 81 THEN 8.0 WHEN 82 THEN 7.9 WHEN 83 THEN 7.7 WHEN 84 THEN 7.8 WHEN 85 THEN 6.8
    WHEN 86 THEN 6.8 WHEN 87 THEN 7.9 WHEN 88 THEN 7.1 WHEN 89 THEN 7.9 WHEN 90 THEN 7.9
    WHEN 91 THEN 8.4 WHEN 92 THEN 8.3 WHEN 93 THEN 8.3 WHEN 94 THEN 8.2 WHEN 95 THEN 8.1
    WHEN 96 THEN 8.1 WHEN 97 THEN 8.2 WHEN 98 THEN 8.0 WHEN 99 THEN 8.3 WHEN 100 THEN 7.8
    ELSE NULL
END;

-- ==========================================
-- 3. BRIDGE TABLES: CONNECT DIRECTORS TO MOVIES
-- ==========================================
INSERT INTO Movie_Directors (MovieID, DirectorID) VALUES 
(1, 1), (2, 1), (3, 1), (4, 1), (5, 1), (50, 1), (62, 1), 
(6, 2), (7, 2), (8, 2), (9, 2), (37, 2), (97, 2), (98, 2), (99, 2), 
(10, 3), (11, 3), (12, 3), (13, 3), (14, 3),             
(15, 4), (16, 4), (17, 4),                               
(18, 5), (19, 5), (20, 5), (44, 5),                      
(21, 6), (22, 6), (23, 6),                               
(24, 7), (25, 7), (55, 7),                               
(26, 8), (27, 8),                                        
(28, 9), (29, 9), (30, 9), (42, 9), (43, 9),             
(31, 10), (32, 10), (33, 10), (56, 10),                  
(35, 11), (36, 11),                                      
(34, 12),                                                
(51, 13), (52, 13),                                      
(53, 14), (54, 14),                                      
(70, 15), (71, 15),                                      
(76, 16),                                                
(77, 17),                                                
(91, 18), (92, 18), (93, 18),                            
(94, 19), (95, 19), (96, 19),                            
(82, 20), (83, 20),                                      
(80, 21), (81, 21),                                      
(78, 22), (79, 22),                                      
(68, 23), (69, 23),                                      
(73, 24), (74, 24), (75, 24),                            
(89, 25), (90, 25),                                      
(87, 26), (88, 26),                                      
(63, 27),                                                
(57, 28),                                                
(84, 29), (85, 29), (86, 29),                            
(61, 30),                                                
(58, 31),                                                
(59, 32), (60, 32),                                      
(64, 33),                                                
(65, 34),                                                
(66, 35),                                                
(67, 36),                                                
(72, 37),                                                
(100, 38);                                               

-- ==========================================
-- 4. BRIDGE TABLES: CONNECT GENRES TO MOVIES
-- ==========================================
INSERT INTO Movie_Genres (MovieID, GenreID) VALUES 
(1, 1), (1, 2), (2, 1), (2, 3), (3, 1), (3, 3), (4, 2), (4, 4), (5, 4), (5, 5),
(6, 3), (6, 4), (7, 1), (7, 12), (8, 1), (8, 4), (9, 3), (9, 12), (10, 3), (10, 9),
(11, 3), (11, 5), (12, 5), (12, 10), (13, 3), (13, 4), (14, 3), (14, 4), (15, 3), (15, 10),
(16, 4), (16, 5), (17, 4), (17, 7), (18, 3), (18, 9), (19, 1), (19, 4), (20, 2), (20, 8),
(21, 4), (21, 6), (22, 2), (22, 8), (23, 1), (23, 2), (24, 1), (24, 7), (25, 1), (25, 7),
(26, 9), (26, 7), (27, 4), (27, 6), (28, 1), (28, 2), (29, 1), (29, 2), (30, 1), (30, 2),
(31, 2), (31, 11), (32, 2), (32, 8), (33, 2), (33, 11), (34, 4), (34, 6), (35, 1), (35, 2),
(36, 1), (36, 2), (37, 4), (37, 9), (38, 1), (38, 2), (39, 4), (39, 9), (40, 4), (40, 5),
(41, 4), (41, 6), (42, 2), (42, 4), (43, 1), (43, 3), (44, 4), (44, 5), (45, 9), (45, 2),
(46, 5), (46, 11), (47, 1), (47, 4), (48, 4), (48, 5), (49, 1), (49, 3), (50, 4), (50, 10),
(51, 3), (51, 4), (52, 3), (52, 4), (53, 2), (53, 8), (54, 2), (54, 8),
(55, 7), (55, 8), (56, 1), (56, 4), (57, 3), (57, 4), (58, 1), (58, 2),
(59, 1), (59, 2), (60, 1), (60, 2), (61, 1), (61, 2), (62, 1), (62, 3),
(63, 1), (63, 2), (64, 1), (64, 2), (65, 1), (65, 2), (66, 1), (66, 3),
(67, 1), (67, 2), (68, 4), (68, 5), (69, 1), (69, 2), (70, 1), (70, 4),
(71, 1), (71, 5), (72, 1), (72, 5), (73, 3), (73, 5), (74, 9), (74, 3),
(75, 3), (75, 5), (76, 4), (77, 9), (77, 4), (78, 7), (78, 4), (79, 7), (79, 6),
(80, 9), (80, 4), (81, 1), (81, 8), (82, 2), (82, 5), (83, 4), (84, 11), (84, 10),
(85, 11), (85, 5), (86, 11), (86, 2), (87, 9), (87, 10), (88, 9), (88, 10),
(89, 1), (89, 9), (90, 9), (90, 4), (91, 11), (91, 4), (92, 2), (92, 10),
(93, 3), (93, 2), (94, 12), (94, 4), (95, 4), (96, 4), (97, 1), (97, 3),
(98, 1), (98, 3), (99, 3), (99, 5), (100, 1), (100, 2);

-- ==========================================
-- 5. BRIDGE TABLES: CONNECT ACTORS TO MOVIES 
-- ==========================================
INSERT INTO Movie_Cast (MovieID, ActorID) VALUES 
(1, 1), (1, 6), (1, 26), (1, 48),                                   
(2, 2), (2, 6), (2, 9), (2, 49), (2, 48), (2, 47),                  
(3, 2), (3, 13), (3, 6), (3, 9), (3, 26), (3, 48),                  
(4, 7), (4, 13), (4, 48), (4, 70), (4, 71), (4, 81),                
(5, 6), (5, 7), (5, 14), (5, 21), (5, 37), (5, 47),                 
(6, 5), (6, 95), (6, 67), (6, 68), (6, 93),                         
(7, 1), (7, 5), (7, 66), (7, 65),                                   
(8, 3), (8, 65), (8, 46),                                           
(9, 5), (9, 92),                                                    
(10, 1), (10, 12), (10, 70),                                        
(11, 1), (11, 7),                                                   
(12, 1), (12, 40), (12, 69),                                        
(13, 4), (13, 5), (13, 100),                                        
(14, 4), (14, 100),                                                 
(15, 3), (15, 9),                                                   
(16, 3), (16, 45), (16, 69),                                        
(17, 3), (17, 56),                                                  
(18, 1), (18, 8),                                                   
(19, 7), (19, 8),                                                   
(20, 5),                                                            
(21, 1), (21, 18),                                                  
(22, 17), (22, 42),                                                 
(23, 68),                                                           
(24, 10), (24, 54), (24, 55), (24, 56),                             
(25, 10), (25, 54), (25, 55), (25, 56), (25, 57),                   
(26, 12), (26, 22),                                                 
(27, 14), (27, 20), (27, 91), (27, 81),                             
(28, 15), (28, 81), (28, 75), (28, 82), (28, 64), (28, 83),         
(29, 15), (29, 14), (29, 81), (29, 82), (29, 64), (29, 88),         
(30, 22), (30, 27),                                                 
(31, 17),                                                           
(32, 7), (32, 71),                                                  
(33, 16), (33, 50),                                                 
(34, 22), (34, 19),                                                 
(35, 23), (35, 51), (35, 52), (35, 53),                             
(36, 23), (36, 51), (36, 52), (36, 53),                             
(37, 1), (37, 3), (37, 12), (37, 30),                               
(38, 24), (38, 21),                                                 
(39, 13), (39, 20), (39, 21),                                       
(40, 25),                                                           
(41, 11), (41, 76),                                                 
(43, 21),                                                           
(44, 8), (44, 20),                                                  
(45, 1), (45, 20), (45, 81),                                        
(46, 21),                                                           
(47, 25), (47, 53),                                                 
(49, 3), (49, 7), (49, 94),                                         
(50, 2), (50, 11), (50, 48), (50, 35),                              
(51, 31), (51, 30), (51, 98), (51, 97), (51, 96),                   
(52, 30), (52, 4), (52, 97), (52, 96), (52, 99),                    
(53, 27), (53, 28), (53, 29),                                       
(54, 27), (54, 28), (54, 29),                                       
(55, 10), (55, 54), (55, 55), (55, 56), (55, 57),                   
(56, 34), (56, 33),                                                 
(57, 33), (57, 4),                                                  
(58, 37), (58, 38), (58, 39), (58, 40), (58, 11),                   
(59, 37), (59, 38), (59, 39), (59, 60), (59, 62), (59, 41), (59, 42), 
(60, 37), (60, 38), (60, 39), (60, 40), (60, 11), (60, 79), (60, 80), 
(61, 37),                                                           
(62, 2), (62, 48), (62, 47), (62, 9), (62, 6),                      
(63, 41), (63, 42), (63, 43),                                       
(64, 62), (64, 57),                                                 
(65, 60), (65, 15), (65, 61), (65, 59), (65, 58),                   
(66, 84), (66, 85), (66, 86), (66, 87), (66, 57),                   
(67, 26), (67, 16),                                                 
(68, 72),                                                           
(69, 38), (69, 72),                                                 
(70, 73), (70, 61),                                                 
(71, 63), (71, 64), (71, 46),                                       
(72, 63),                                                           
(73, 64),                                                           
(74, 94),                                                           
(75, 94),                                                           
(76, 32), (76, 86),                                                 
(77, 46), (77, 90), (77, 91), (77, 58),                             
(80, 69), (80, 19),                                                 
(81, 1), (81, 26),                                                  
(82, 48),                                                           
(84, 74),                                                           
(86, 74),                                                           
(87, 63), (87, 38),                                                 
(88, 63), (88, 69), (88, 89),                                       
(89, 39), (89, 56),                                                 
(90, 11),                                                           
(94, 9),                                                            
(95, 9),                                                            
(97, 67),                                                           
(98, 67),                                                           
(99, 93), (99, 92), (99, 94),                                       
(100, 77), (100, 78), (100, 75), (100, 76), (100, 27), (100, 29), (100, 28); 

-- ==========================================
-- 6. CREATE MOCK USERS AND REVIEWS
-- ==========================================
INSERT INTO Users (Username, Password, JoinDate) VALUES 
('cinephile_99', 'hashed_pwd_123', '2026-01-10'),
('nolan_fanatic', 'hashed_pwd_456', '2026-02-15'),
('classic_watcher', 'hashed_pwd_789', '2026-03-20');

INSERT INTO Reviews (MovieID, UserID, Rating, ReviewText, ReviewDate) VALUES 
(1, 2, 10.0, 'An absolute masterpiece. The dream-sharing concept blew my mind!', '2026-04-10'),
(51, 3, 10.0, 'Cinema at its finest. Tom Hagen is such an underrated character in the grand scheme of the Corleone family.', '2026-04-12'),
(28, 1, 9.0, 'Visually stunning adaptation. The world-building is incredible.', '2026-04-15'),
(68, 1, 9.5, 'A brilliant commentary on class structure. Unpredictable from start to finish.', '2026-04-18'),
(4, 2, 9.0, 'The docking scene is one of the most tense moments in modern sci-fi.', '2026-04-20');
